"userid","user_display_name","user_screen_name","user_reported_location","user_profile_description","user_profile_url","follower_count","following_count","account_creation_date","account_language"
"GotPdi7ND5U93CiLruCUjAPr0R5af8PkKEZQ9UJHNlE=","GotPdi7ND5U93CiLruCUjAPr0R5af8PkKEZQ9UJHNlE=","GotPdi7ND5U93CiLruCUjAPr0R5af8PkKEZQ9UJHNlE=","","","","7","8","2011-01-08","ru"
"faQv2zTYxLMuS4ozlVw9kM660Vtwti3XfxVgoJBSMJA=","faQv2zTYxLMuS4ozlVw9kM660Vtwti3XfxVgoJBSMJA=","faQv2zTYxLMuS4ozlVw9kM660Vtwti3XfxVgoJBSMJA=","Санкт-Петербург, Россия","Журналист,корреспондент и воинствующий комуняка
VK https://t.co/6CB6Ul67BZ Instagramm https://t.co/2CUvUTqAz2","","2010","1730","2018-01-29","ru"
"U0+7izz8L9D6nVm59ihGm6P9fOgbQQF9gK90+xZhr0=","U0+7izz8L9D6nVm59ihGm6P9fOgbQQF9gK90+xZhr0=","U0+7izz8L9D6nVm59ihGm6P9fOgbQQF9gK90+xZhr0=","","","","3","5","2018-02-21","ru"
"1rJVco1i2kqTr9XIp2G6n5jklStyGfK3DYfYjOSz3Pk=","1rJVco1i2kqTr9XIp2G6n5jklStyGfK3DYfYjOSz3Pk=","1rJVco1i2kqTr9XIp2G6n5jklStyGfK3DYfYjOSz3Pk=","","","","1","0","2017-10-14","ru"
"Wqt0hoxtPyPnCqMhrymUPXKk0+yM8MVewMDM9m9rtAM=","Wqt0hoxtPyPnCqMhrymUPXKk0+yM8MVewMDM9m9rtAM=","Wqt0hoxtPyPnCqMhrymUPXKk0+yM8MVewMDM9m9rtAM=","Хабаровск, Хабаровский край","Учусь)))","","1293","2468","2017-08-21","ru"
"Gvo61Lia1157dH2R6fDb6y0aTORca7Rlos3fGZbiTw=","Gvo61Lia1157dH2R6fDb6y0aTORca7Rlos3fGZbiTw=","Gvo61Lia1157dH2R6fDb6y0aTORca7Rlos3fGZbiTw=","","","","0","0","2020-10-18","en"
"7WTYPcAGruW7ZtKtLorAsQoBkPdRwCt0vtm6931MVE=","7WTYPcAGruW7ZtKtLorAsQoBkPdRwCt0vtm6931MVE=","7WTYPcAGruW7ZtKtLorAsQoBkPdRwCt0vtm6931MVE=","","","","55","169","2020-02-01","ru"
"849852472915046400","Syria Free News","Syria_FreeNews","Syrian Arab Republic","Exclusive information about 
Middle East and Northern Africa countries events. BreaKing news from the scene.","","20505","1663","2017-04-06","ru"
"Y12XxX+oxY++1I8HZTVa1HnrgJ5XjdhkJfhv04pBry4=","Y12XxX+oxY++1I8HZTVa1HnrgJ5XjdhkJfhv04pBry4=","Y12XxX+oxY++1I8HZTVa1HnrgJ5XjdhkJfhv04pBry4=","Уссурийск","Начинающий журналист. Люблю активный отдых и море","","117","445","2017-08-21","ru"
"1lY66yW7i+XL4Fn6wRslwEStbOHd2vNXLSnJMpQjUg8=","1lY66yW7i+XL4Fn6wRslwEStbOHd2vNXLSnJMpQjUg8=","1lY66yW7i+XL4Fn6wRslwEStbOHd2vNXLSnJMpQjUg8=","","defender of goods and the truth","","0","5","2020-03-04","en"
"kbFYDfvkrSRyooMoAgrj47Z3LkU73QAcSi5w4fsYn28=","kbFYDfvkrSRyooMoAgrj47Z3LkU73QAcSi5w4fsYn28=","kbFYDfvkrSRyooMoAgrj47Z3LkU73QAcSi5w4fsYn28=","","","https://t.co/zmzUGvgapu","5","15","2020-08-26","en"
"ozyd4YJzSspaqE6rdCn2CZBHyoeqtvnnPglx3rUiPl8=","ozyd4YJzSspaqE6rdCn2CZBHyoeqtvnnPglx3rUiPl8=","ozyd4YJzSspaqE6rdCn2CZBHyoeqtvnnPglx3rUiPl8=","","","","0","0","2017-03-31","ru"
"7CQHe488W6+t0uGOqaaxoJl6O3i3IkLdR6kUJJChJvs=","7CQHe488W6+t0uGOqaaxoJl6O3i3IkLdR6kUJJChJvs=","7CQHe488W6+t0uGOqaaxoJl6O3i3IkLdR6kUJJChJvs=","Россия","Твиттер телеграм канала Брюссельский стукач
https://t.co/1vvrX6rfJS
Подписывайтесь! Самые свежие новости касаемо деятельности #НАТО #NATO #OTAN","https://t.co/1vvrX6rfJS","3391","4164","2017-10-19","ru"
"6nDcSemH7EpMzxlBrA8G5QRpuoEj4Bl2drKLTQnWE=","6nDcSemH7EpMzxlBrA8G5QRpuoEj4Bl2drKLTQnWE=","6nDcSemH7EpMzxlBrA8G5QRpuoEj4Bl2drKLTQnWE=","","","","22","25","2019-09-25","en"
"qBf+h+wuixptxkrp9LXpR7KQSoNGxJsvvPlkpciS4=","qBf+h+wuixptxkrp9LXpR7KQSoNGxJsvvPlkpciS4=","qBf+h+wuixptxkrp9LXpR7KQSoNGxJsvvPlkpciS4=","","Always try to find out the truth

#Syria #MiddleEast #War","","914","450","2020-07-12","ru"
"rJbjbYqkZ6B8dpTHD2mhivouulqxhiasjwpL5nqa8=","rJbjbYqkZ6B8dpTHD2mhivouulqxhiasjwpL5nqa8=","rJbjbYqkZ6B8dpTHD2mhivouulqxhiasjwpL5nqa8=","Syrian Arab Republic","Military journalist","https://t.co/2229qfjeRj","458","481","2017-10-21","ru"
"1YPo0tjK1pEQ0VRLT2je384QwF8tQ5IKgLZ29aMUPk=","1YPo0tjK1pEQ0VRLT2je384QwF8tQ5IKgLZ29aMUPk=","1YPo0tjK1pEQ0VRLT2je384QwF8tQ5IKgLZ29aMUPk=","","Journalist","","0","0","2020-03-28","en"
"NpbB+f51kGCHcWBXrha8izcKKLrdD3vpY2Nz9pxFycQ=","NpbB+f51kGCHcWBXrha8izcKKLrdD3vpY2Nz9pxFycQ=","NpbB+f51kGCHcWBXrha8izcKKLrdD3vpY2Nz9pxFycQ=","Хабаровский край, Россия","","","2","51","2017-01-20","ru"
"oX70apRWUW16BANgrVbdK+UVxH0NdxvC9b4HHO+aA9Y=","oX70apRWUW16BANgrVbdK+UVxH0NdxvC9b4HHO+aA9Y=","oX70apRWUW16BANgrVbdK+UVxH0NdxvC9b4HHO+aA9Y=","Syria","Freelance journalist in SAR, against terrorists and all the f*king extremists. Viva Syria!","","314","397","2018-12-19","ru"
"UygIA7vUORqsaRGmGWV6KtJ9zfOz5eDnqaYh0td5Xkk=","UygIA7vUORqsaRGmGWV6KtJ9zfOz5eDnqaYh0td5Xkk=","UygIA7vUORqsaRGmGWV6KtJ9zfOz5eDnqaYh0td5Xkk=","Благовещенск, Россия","История журналистики - это история утечек информации.","","0","49","2017-08-18","ru"
"KkdmV3gfhzqtZ5mVOBDu1snF5mJ00HyRqO+IMPmCZpI=","KkdmV3gfhzqtZ5mVOBDu1snF5mJ00HyRqO+IMPmCZpI=","KkdmV3gfhzqtZ5mVOBDu1snF5mJ00HyRqO+IMPmCZpI=","Moscow","","","4","22","2014-06-15","ru"
"u9kY5w3DKE0teqaCpzXYVi8jTKxrQDj07u09Tgkyk0=","u9kY5w3DKE0teqaCpzXYVi8jTKxrQDj07u09Tgkyk0=","u9kY5w3DKE0teqaCpzXYVi8jTKxrQDj07u09Tgkyk0=","","","","0","58","2017-07-18","en"
"DqK+XKMGQUgWranMHLrq9MJGy+d99xZV6S4Zoe5QOyA=","DqK+XKMGQUgWranMHLrq9MJGy+d99xZV6S4Zoe5QOyA=","DqK+XKMGQUgWranMHLrq9MJGy+d99xZV6S4Zoe5QOyA=","","","","0","49","2017-06-29","ru"
"0d4uaJgb2PZo3VsAeeMAu8JbYUF7yCwJKs8hj8logI=","0d4uaJgb2PZo3VsAeeMAu8JbYUF7yCwJKs8hj8logI=","0d4uaJgb2PZo3VsAeeMAu8JbYUF7yCwJKs8hj8logI=","","Live in Dubai, love luxary life","","0","0","2020-10-20","en"
"jojLxZcI9SkOiwlXXEPoFZroK+9nznIlyffMbNRzhP8=","jojLxZcI9SkOiwlXXEPoFZroK+9nznIlyffMbNRzhP8=","jojLxZcI9SkOiwlXXEPoFZroK+9nznIlyffMbNRzhP8=","","","","2","155","2019-01-22","en"
"wRkYijXV62nzHokLEXPc1QEln1fzfOxZpJuziAwY4bc=","wRkYijXV62nzHokLEXPc1QEln1fzfOxZpJuziAwY4bc=","wRkYijXV62nzHokLEXPc1QEln1fzfOxZpJuziAwY4bc=","","","","358","396","2017-03-19","ru"
"HNtmuufI4jwPv2p+ZEh0OlB04GG6urP2dl9IojYzso=","HNtmuufI4jwPv2p+ZEh0OlB04GG6urP2dl9IojYzso=","HNtmuufI4jwPv2p+ZEh0OlB04GG6urP2dl9IojYzso=","","","","0","0","2019-04-27","en"
"yCE6QGGRX4Lvm3hKCwS5Y4WlwhS4t5FhtV44LeUM=","yCE6QGGRX4Lvm3hKCwS5Y4WlwhS4t5FhtV44LeUM=","yCE6QGGRX4Lvm3hKCwS5Y4WlwhS4t5FhtV44LeUM=","","Free Syrian journalist, trying to change the situation in my country!","","41","113","2020-09-24","en"
"aLri5rrrycj0FmIvjxHre7oteCvNFIZssJFpgDy8Cbk=","aLri5rrrycj0FmIvjxHre7oteCvNFIZssJFpgDy8Cbk=","aLri5rrrycj0FmIvjxHre7oteCvNFIZssJFpgDy8Cbk=","","","","0","0","2020-01-22","en"
"s0xfhM79VPodWqOlMIjpg7OMNRPavmgnOumtsRvZRZE=","s0xfhM79VPodWqOlMIjpg7OMNRPavmgnOumtsRvZRZE=","s0xfhM79VPodWqOlMIjpg7OMNRPavmgnOumtsRvZRZE=","","","","8","238","2017-08-21","ru"
"0+2DdcWQlF1LIe31q4foyvQMZYObIOeoh5woH5+4ySo=","0+2DdcWQlF1LIe31q4foyvQMZYObIOeoh5woH5+4ySo=","0+2DdcWQlF1LIe31q4foyvQMZYObIOeoh5woH5+4ySo=","","HTS gay","","76","288","2019-06-17","en"
"wVa11j30HAU6cXSALZeAohTEpcsBMI73tc2lwWKWtps=","wVa11j30HAU6cXSALZeAohTEpcsBMI73tc2lwWKWtps=","wVa11j30HAU6cXSALZeAohTEpcsBMI73tc2lwWKWtps=","","","","0","0","2017-04-01","ru"
"M6ZP1odvC6UfuZHbAoZm5dqSGsXmXzvkT3pTK48KhiA=","M6ZP1odvC6UfuZHbAoZm5dqSGsXmXzvkT3pTK48KhiA=","M6ZP1odvC6UfuZHbAoZm5dqSGsXmXzvkT3pTK48KhiA=","","","","0","0","2017-04-10","ru"
"3PGzTwb+Kk4yCSOyqgAZ3zPaUJ7xE3L+BSppo6ZLw8U=","3PGzTwb+Kk4yCSOyqgAZ3zPaUJ7xE3L+BSppo6ZLw8U=","3PGzTwb+Kk4yCSOyqgAZ3zPaUJ7xE3L+BSppo6ZLw8U=","","Live in Syria. Want war in my country to end.","","90","168","2019-09-16","en"
"lG0MMVyjU7d1Z0Zi5jU4dLLvQjtlvp6Z02uFqg13X0=","lG0MMVyjU7d1Z0Zi5jU4dLLvQjtlvp6Z02uFqg13X0=","lG0MMVyjU7d1Z0Zi5jU4dLLvQjtlvp6Z02uFqg13X0=","","","","0","7","2020-11-10","ru"
"lYCjZDUvRFghu8E7fh0r2ReFhqYf00QoOAqhFPHd8s=","lYCjZDUvRFghu8E7fh0r2ReFhqYf00QoOAqhFPHd8s=","lYCjZDUvRFghu8E7fh0r2ReFhqYf00QoOAqhFPHd8s=","","","","8","50","2019-08-06","en"
"k7Kk9FskroCxm+3a2wImNtcN9Zq2e+jMhpSABaE2JCw=","k7Kk9FskroCxm+3a2wImNtcN9Zq2e+jMhpSABaE2JCw=","k7Kk9FskroCxm+3a2wImNtcN9Zq2e+jMhpSABaE2JCw=","","","","1967","5131","2018-05-27","ru"
"pRKpPfsaUncuLXMGDY+N4neCaqutLNF7xun8rjjDHl0=","pRKpPfsaUncuLXMGDY+N4neCaqutLNF7xun8rjjDHl0=","pRKpPfsaUncuLXMGDY+N4neCaqutLNF7xun8rjjDHl0=","","","","0","0","2019-12-09","en"
"CCm0CwvO7JNVGW3WOUWdGuceMBXf0UO6R6aYsFgHUEA=","CCm0CwvO7JNVGW3WOUWdGuceMBXf0UO6R6aYsFgHUEA=","CCm0CwvO7JNVGW3WOUWdGuceMBXf0UO6R6aYsFgHUEA=","Благове","Работаю по методу Робинзона Крузо — жду пятницу","","116","368","2017-07-30","ru"
"i8qfDRhcCGlEmfuUnWperczP9O7Epzfi1ZNWOlVBRB0=","i8qfDRhcCGlEmfuUnWperczP9O7Epzfi1ZNWOlVBRB0=","i8qfDRhcCGlEmfuUnWperczP9O7Epzfi1ZNWOlVBRB0=","","","","0","0","2020-01-28","en"
"883565926473486336","Pamela Spenser","PamSpenser","Oslo, Norge","","https://t.co/hp2YSSx63E","6502","583","2017-07-08","en"
"q388Swdv1gEJg7jUjSpzGKIhEHc37w6yXe4DLwBuw=","q388Swdv1gEJg7jUjSpzGKIhEHc37w6yXe4DLwBuw=","q388Swdv1gEJg7jUjSpzGKIhEHc37w6yXe4DLwBuw=","Somewhere in Syria","Ex @PamSpenser. I work to make Syria the best place on the Earth - free and safe.","","144","237","2019-06-02","en"
"3zIYK8MEFJoOspSoDuQYI+Bqi7cyAOsQnlPHRdJue0=","3zIYK8MEFJoOspSoDuQYI+Bqi7cyAOsQnlPHRdJue0=","3zIYK8MEFJoOspSoDuQYI+Bqi7cyAOsQnlPHRdJue0=","","","","0","2","2019-07-11","en"
"if+944C9xU5IQj6xyppVV0Y46dcpBR2KBV++DLP8+M=","if+944C9xU5IQj6xyppVV0Y46dcpBR2KBV++DLP8+M=","if+944C9xU5IQj6xyppVV0Y46dcpBR2KBV++DLP8+M=","","","","278","235","2017-01-28","ru"
"uYN3AYZyaF+k6JdHpC4rmmzTWrTqfsdiQYu8oYPd7Y=","uYN3AYZyaF+k6JdHpC4rmmzTWrTqfsdiQYu8oYPd7Y=","uYN3AYZyaF+k6JdHpC4rmmzTWrTqfsdiQYu8oYPd7Y=","Уссурийск, Россия","Сказочный персонаж! Увлекаюсь музыкой, автомобилями, спортом","","14","193","2017-08-18","ru"
"P6E1UW0tHBrBVxJ1b3JuRezhknH2vgIZdKFtF1Wjd8=","P6E1UW0tHBrBVxJ1b3JuRezhknH2vgIZdKFtF1Wjd8=","P6E1UW0tHBrBVxJ1b3JuRezhknH2vgIZdKFtF1Wjd8=","idlib","gay rights defender","","154","366","2019-06-17","en"
"iAcM5ieES24u7WpT+cRQobBp2jPbkGeB4ghugn5wuU=","iAcM5ieES24u7WpT+cRQobBp2jPbkGeB4ghugn5wuU=","iAcM5ieES24u7WpT+cRQobBp2jPbkGeB4ghugn5wuU=","","Your unofficial guide to NATO life. Alliance military activities, its policy, accomplishments & failures. Sometimes funny || Private opinion & commentaries","","0","7","2019-11-22","en"
"kdVVyjajARFWo4YfMjU6IVQ3DPKY+CbbxwgUeSPD8iw=","kdVVyjajARFWo4YfMjU6IVQ3DPKY+CbbxwgUeSPD8iw=","kdVVyjajARFWo4YfMjU6IVQ3DPKY+CbbxwgUeSPD8iw=","Дальний Восток","","","1136","3344","2016-10-04","ru"
"kdVVyjajARFWo4YfMjU6IVQ3DPKY+CbbxwgUeSPD8iw=","kdVVyjajARFWo4YfMjU6IVQ3DPKY+CbbxwgUeSPD8iw=","kdVVyjajARFWo4YfMjU6IVQ3DPKY+CbbxwgUeSPD8iw=","Дальний Восток","","","1136","3344","2016-10-04","ru"
"FNcdLLDK5SDDCoSP2KltcvTGkWUoFIgbirzVzKQsPg0=","FNcdLLDK5SDDCoSP2KltcvTGkWUoFIgbirzVzKQsPg0=","FNcdLLDK5SDDCoSP2KltcvTGkWUoFIgbirzVzKQsPg0=","","","","0","26","2020-12-06","en"
"N41zDt3Idb54FW9B4jQdgEirCCA5Ak+lMehMbAYCNk=","N41zDt3Idb54FW9B4jQdgEirCCA5Ak+lMehMbAYCNk=","N41zDt3Idb54FW9B4jQdgEirCCA5Ak+lMehMbAYCNk=","","Looks like himself","","9","58","2020-09-24","en"
"6rdue70c97oL6cCnqXz5tdfnePCaHuDuOuYmbpx4mF4=","6rdue70c97oL6cCnqXz5tdfnePCaHuDuOuYmbpx4mF4=","6rdue70c97oL6cCnqXz5tdfnePCaHuDuOuYmbpx4mF4=","","","","235","880","2016-09-21","ru"
"D4cAip8nhfxLE+z0BCnXrncE042+9A7rH5PCM0B1do8=","D4cAip8nhfxLE+z0BCnXrncE042+9A7rH5PCM0B1do8=","D4cAip8nhfxLE+z0BCnXrncE042+9A7rH5PCM0B1do8=","Aleppo","This war needs to end","","7","36","2020-09-24","ru"
"IxMo6afbUsVpKzBXqryo97cWDUih0HljEWVHSeSrzU=","IxMo6afbUsVpKzBXqryo97cWDUih0HljEWVHSeSrzU=","IxMo6afbUsVpKzBXqryo97cWDUih0HljEWVHSeSrzU=","","","","0","0","2017-08-21","ru"
"2nFqmLka396xUudTDoWTeXrpBt+q8inJmJYc3p58p4=","2nFqmLka396xUudTDoWTeXrpBt+q8inJmJYc3p58p4=","2nFqmLka396xUudTDoWTeXrpBt+q8inJmJYc3p58p4=","Russia","","","0","1","2018-07-06","ru"
"cCNgaGE8eb8rE9lD0fcQjS3fULqnt9zBUhwna8pTnxY=","cCNgaGE8eb8rE9lD0fcQjS3fULqnt9zBUhwna8pTnxY=","cCNgaGE8eb8rE9lD0fcQjS3fULqnt9zBUhwna8pTnxY=","","","","0","0","2017-04-08","ru"
"UeSiz1fVWj+ckduBt7t5qRGPNUYqioBvLo6aKPpKu0=","UeSiz1fVWj+ckduBt7t5qRGPNUYqioBvLo6aKPpKu0=","UeSiz1fVWj+ckduBt7t5qRGPNUYqioBvLo6aKPpKu0=","Russia","","","13","115","2016-10-10","ru"
"9zxsi+qIsPp4ZaNFZCxaLJIePPypzDuzVZg97pJfU=","9zxsi+qIsPp4ZaNFZCxaLJIePPypzDuzVZg97pJfU=","9zxsi+qIsPp4ZaNFZCxaLJIePPypzDuzVZg97pJfU=","syria","I was born in Syria, now I live in London. I'm fond of history and politics. I struggle for justice.","","219","297","2018-08-24","en"
"135AEY00MOP1tH7YCuKyQx2xM0hG1vsl7l+0QPTliyM=","135AEY00MOP1tH7YCuKyQx2xM0hG1vsl7l+0QPTliyM=","135AEY00MOP1tH7YCuKyQx2xM0hG1vsl7l+0QPTliyM=","","","","125","252","2019-06-17","en"
"xd93mIIdhwhcRzDkj3i8kBjdRkoODvsGWEDWEFyDEDk=","xd93mIIdhwhcRzDkj3i8kBjdRkoODvsGWEDWEFyDEDk=","xd93mIIdhwhcRzDkj3i8kBjdRkoODvsGWEDWEFyDEDk=","","","","6","66","2017-10-17","ru"
"3HqwdUkxRabgmTyNHI1ZCilGchjYg8o91jHRFFRdWX0=","3HqwdUkxRabgmTyNHI1ZCilGchjYg8o91jHRFFRdWX0=","3HqwdUkxRabgmTyNHI1ZCilGchjYg8o91jHRFFRdWX0=","","","","4","4","2018-02-21","ru"
"e7xDaGtmQjNYEjPOqN19umC75zPGX8YCQVNojWZm6s=","e7xDaGtmQjNYEjPOqN19umC75zPGX8YCQVNojWZm6s=","e7xDaGtmQjNYEjPOqN19umC75zPGX8YCQVNojWZm6s=","","be so. But all the time that so great child-brain of his was","","0","6","2020-08-27","en"
"07CPSEe0H6QwZcanuJd4G4sYBjmx+NtXpcj2NdAAmr0=","07CPSEe0H6QwZcanuJd4G4sYBjmx+NtXpcj2NdAAmr0=","07CPSEe0H6QwZcanuJd4G4sYBjmx+NtXpcj2NdAAmr0=","Россия","милаха","","548","763","2017-08-21","ru"
"jqGSYKkIV+B+ELGTvX+qbrzut5YRGjh9LNi5v5gRP8=","jqGSYKkIV+B+ELGTvX+qbrzut5YRGjh9LNi5v5gRP8=","jqGSYKkIV+B+ELGTvX+qbrzut5YRGjh9LNi5v5gRP8=","Владивосток, Россия","Свобода слова - это когда называешь вещи своими именами","","380","817","2016-10-06","ru"
"U7xHuVKo8TwrkNRUba3AqJsdaWWAfu+7Za7NZzT2btU=","U7xHuVKo8TwrkNRUba3AqJsdaWWAfu+7Za7NZzT2btU=","U7xHuVKo8TwrkNRUba3AqJsdaWWAfu+7Za7NZzT2btU=","","","","0","4","2019-02-23","ru"
"XY8GkjD7wdwBUNuKQguI7S9m6N4ynAjrOoBdReCxvI=","XY8GkjD7wdwBUNuKQguI7S9m6N4ynAjrOoBdReCxvI=","XY8GkjD7wdwBUNuKQguI7S9m6N4ynAjrOoBdReCxvI=","Syria","Hot news about situation in Syria, last events, analitics.","","63","204","2018-08-24","en"
"DuyZMUM9Tki+TQpZosYvozcOfSz5cNaEIK5NinxiMj8=","DuyZMUM9Tki+TQpZosYvozcOfSz5cNaEIK5NinxiMj8=","DuyZMUM9Tki+TQpZosYvozcOfSz5cNaEIK5NinxiMj8=","","","","0","44","2020-11-06","en"
"EYyWsvUuzIrFNeq2c8kHede2IJftJyt5n9LfOjGxkc4=","EYyWsvUuzIrFNeq2c8kHede2IJftJyt5n9LfOjGxkc4=","EYyWsvUuzIrFNeq2c8kHede2IJftJyt5n9LfOjGxkc4=","","","","3","112","2018-07-09","en"
"PBj39Sa3VEI8JUFzFkfxLAM7TSJ7gRy28kiNqPAgfsE=","PBj39Sa3VEI8JUFzFkfxLAM7TSJ7gRy28kiNqPAgfsE=","PBj39Sa3VEI8JUFzFkfxLAM7TSJ7gRy28kiNqPAgfsE=","","","","0","99","2020-07-27","en"
"8K26YsyMwaxAbofr9cYRDbjIDwf5kYJkp1FqGZB+A=","8K26YsyMwaxAbofr9cYRDbjIDwf5kYJkp1FqGZB+A=","8K26YsyMwaxAbofr9cYRDbjIDwf5kYJkp1FqGZB+A=","USA","","","55","101","2019-03-01","en"
